{
  "schemaVersion": "1",
  "id": "item_clear_mod",
  "version": "1.0.0",
  "name": "Item Clear Mod",
  "description": "Xóa vật phẩm trên mặt đất sau mỗi 30 phút.",
  "authors": [
    "Bạn"
  ],
  "contact": {},
  "license": "MIT",
  "icon": "icon.png",
  "environment": "*",
  "entrypoints": {
    "main": [
      "com.example.item_clear_mod.ItemClearMod"
    ]
  },
  "mixins": [
    "item_clear_mod.mixins.json"
  ],
  "depends": {
    "fabricloader": ">=0.14.0",
    "fabric-api": "*"
  },
  "suggests": {
    "minecraft": ">=1.21.4"
  }
}
